{
	"name": "Eaos-x 051",
	"works": "DB AG",
	"modeler": "Karma",
	"model": "immersiverailroading:models/rolling_stock/freight/eanos/eanos.obj",
	"darken_model": "0",
	"properties": {
		"weight_kg": 20000
	},
	"passenger": {
		"slots": 0,
		"center_x": 0,
		"center_y": 1.85,
		"length": 8,
		"width": 2
	},
	"freight": {
		"slots": 10,
		"width": 2,
		"cargo": ["all"]
	},
	"trucks": {
		"front": 5.094, 
		"rear": -5.094
	},
	"couplers": {
		"front_offset": 0,
		"rear_offset": 0
	}
}
