{
	"name": "Falns 121",
	"works": "DB AG",
	"modeler": "CaptainSkipper",
	"model": "immersiverailroading:models/rolling_stock/freight/falns121/falns121.obj",
	"darken_model": "0",
	"properties": {
		"weight_kg": 23500
	},
	"passenger": {
		"slots": 0,
		"center_x": 0,
		"center_y": 1.85,
		"length": 6.5,
		"width": 2
	},
	"freight": {
		"slots": 9,
		"width": 2,
		"cargo": ["all"],
		"show_current_loads_only": true
	},
	"trucks": {
		"front": 3.594, 
		"rear": -3.594
	},
	"couplers": {
		"front_offset": 0,
		"rear_offset": 0
	}
}
