{
	"name": "Safe wagon Franz J�ger Berlin",
	"works": "Franz J�ger Berlin",
	"modeler": "CaptainSkipper",
	"model": "immersiverailroading:models/rolling_stock/freight/franz/franz.obj",
	"darken_model": "0",
	"properties": {
		"weight_kg": 10000
	},
	"passenger": {
		"slots": 0,
		"center_x": 0,
		"center_y": 1.85,
		"length": 8.25,
		"width": 2
	},
	"freight": {
		"slots": 10,
		"width": 2,
		"cargo": ["all"]
	},
	"trucks": {
		"front": 2.281, 
		"rear": -1.906
	},
	"couplers": {
		"front_offset": 0,
		"rear_offset": 0
	}
}
