{
	"name": "SBB Cargo Hbbillnss",
	"works": "SBB Cargo",
	"modeler": "SebastianD334",
	"model": "immersiverailroading:models/rolling_stock/freight/hbbillnss/hbbillnss.obj",
	"darken_model": "0",
	"properties": {
		"weight_kg": 20000
	},
	"passenger": {
		"slots": 12,
		"center_x": 0,
		"center_y": 1.85,
		"length": 8.25,
		"width": 2
	},
	"freight": {
		"slots": 10,
		"width": 2,
		"cargo": ["all"]
	},
	"trucks": {
		"front": 5, 
		"rear": -5
	},
	"couplers": {
		"front_offset": 0,
		"rear_offset": 0
	}
}
