{
	"name": "Samms 710",
	"works": "DB AG",
	"modeler": "CaptainSkipper",
	"model": "immersiverailroading:models/rolling_stock/freight/samms710/samms710.obj",
	"darken_model": "0",
	"properties": {
		"weight_kg": 31000
	},
	"passenger": {
		"slots": 6,
		"center_x": 0,
		"center_y": 1.25,
		"length": 8.188,
		"width": 2
	},
	"freight": {
		"slots": 10,
		"width": 2,
		"cargo": ["all"]
	},
	"trucks": {
		"front": 4.156, 
		"rear": -4.156
	},
	"couplers": {
		"front_offset": 0,
		"rear_offset": 0
	}
}
