{
	"name": "Big Boy Centipede Tender GH(Oil)",
	"model": "immersiverailroading:models/rolling_stock/tender/centipedegh/centipede.obj",
	"modeler": "Bossk",
	"properties": {
		"weight_kg": 155220
	},
	"passenger": {
		"slots": 4,
		"center_x": 0,
		"center_y": 4.3,
		"length": 6.9,
		"width": 4
	},
	"tank": {
		"capacity_l":  95000
	},
	"tender": {
		"slots": 40,
		"width": 8
	},
	"trucks": {
		"front": 5,
		"rear": -0.5
	},
	"couplers": {
        	"front_offset": -1,
        	"rear_offset": -0.0625
	}
}