{
  "name": "Narrow Gauge High Bed Rails (experimental)",
  "models": {
    ">0.2": "immersiverailroading:models/track/voxel-narrow-highbed/voxel-narrow-highbed.obj",
    ">0": "immersiverailroading:models/track/voxel-narrow-highbed/voxel-narrow-highbed.obj"
  },
  "materials": {
    "TIE": [{
      "item": "minecraft:concrete|7",
      "cost": 1
    },{
      "item": "ore:ingotIron",
      "cost": 1
    }],
    "RAIL": [{
      "item": "ore:irRail",
      "cost": 2
    }]
  }
}