{
	//Order:
	//DE, US, AU, CZ, PT, CH
	//loco, cab car, multiple unit, tram
	//if cab car and loco belong together put them together
	
"freight": ["eanos", "falns121", "samms710", "franz", "hbbillnss", "gondola", "up809"],
    
"locomotives": ["br143", "br218", "v320", "wiebe", "kof", "traktor", "dabbuzfa", "bnrbdzf480", "icsteuerwagen", "front", "heck", "ngtcab", "acs", "alco", "bigboy", "siemensnexasfront", "cd810_b", "cd810_r", "cp1400", "cp1800", "cp2600", "cp5600", "re420swissex", "re420sbb", "re420cargo", "re420lion", "firstclass", "secondclass", "re450loco", "btdpzplus", "re460", "ic2000bt", "sbb_ee922", "sbb_eem923_1", "sbb_eem923_2", "sfront", "pony", "forchbahnfront", "buffer", "bufferzh"],

"passenger": ["bnrz451", "dbuza", "108", "109", "111", "134", "207", "mitte", "panto", "ngtbridge", "ngtcenter", "ngtbellow", "siemensnexaswagon", "firstclass", "secondclass", "tram2000bogie", "bikecar", "toiletcar", "bhvz", "abhvz", "abdpzplus", "bdpzndw", "ic2000ad", "ic2000a", "ic2000b", "saenftemitte", "saenfteheck", "forchbahnmitte"],
    "tank": [],
    "tender": ["centipede", "upp809", "upp814"],
    "hand_car": ["draisine"]
}