{
	"era": "manual",
	"name": "Hand Car",
	"works": "misc",
	"model": "immersiverailroading:models/rolling_stock/hand_car/draisine/draisine.obj",
	"darken_model": "0",
	"properties": {
		"weight_kg": 1000,
		"horsepower": 1,
		"tractive_effort_lbf": 1000,
		"max_speed_kmh": 20
	},
	"passenger": {
		"slots": 4,
		"center_x": 0,
		"center_y": 1.15,
		"length": 1.6,
		"width": 1.6
	},
	"trucks": {
		"front": 0.844, 
		"rear": -0.844
	},
	"couplers": {
		"front_offset": 0,
		"rear_offset": 0
	}
}