{
	"name": "AB DPZplus",
	"works": "SLM",
	"modeler": "SebastianD334",
	"model": "immersiverailroading:models/rolling_stock/passenger/abdpzplus/abdpzplus.obj",
	"darken_model": "0",
	"properties": {
		"max_speed_kmh": 130,
		"weight_kg": 35000
	},
	"passenger": {
		"slots": 129,
		"center_x": 0,
		"center_y": 0.6,
		"length": 7.125,
		"width": 2
	},
	"trucks": {
		"front": 10.031,
		"rear": -10
	},
	"couplers": {
		"front_offset": -0.0625,
		"rear_offset": -0.0625
	}
}
