{
	"era": "diesel",
	"name": "Forchbahn Be 4/6",
	"works": "Stadler Rail Altenrhein",
	"modeler": "SebastianD334",
	"model": "immersiverailroading:models/rolling_stock/passenger/forchbahnmitte/forchbahnmitte.obj",
	"darken_model": "0",
	"properties": {
		"weight_kg": 16600
	},
	"passenger": {
		"slots": 62,
		"center_x": 0,
		"center_y": 1.088,
		"length": 5.42,
		"width": 1.6
	},
	"trucks": {
		"front": 3.031, 
		"rear": -3.906
	},
	"couplers": {
		"front_offset": -0.5,
		"rear_offset": -0.125
	}
}

