{
	"name": "IC 2000 AD",
	"works": "Schindler Waggon",
	"modeler": "SebastianD334",
	"model": "immersiverailroading:models/rolling_stock/passenger/ic2000ad/ic2000ad.obj",
	"darken_model": "0",
	"properties": {
		"max_speed_kmh": 200,
		"weight_kg": 35000
	},
	"passenger": {
		"slots": 61,
		"center_x": 0,
		"center_y": 2.5,
		"length": 12.25,
		"width": 1.9
	},
	"trucks": {
		"front": 10.09375,
		"rear": -10.09375
	},
	"couplers": {
		"front_offset": 0.0,
		"rear_offset": -0.0
	}
}
