{
	"era": "diesel",
	"name": "BR1440 - Mitte",
	"works": "DB Regio",
	"model": "immersiverailroading:models/rolling_stock/passenger/mitte/mitte.obj",
	"darken_model": "0",

	"properties": {
		"max_speed_kmh": 160,
		"weight_kg": 87000
	},
	"passenger": {
		"slots": 4,
		"center_x": 1,
		"center_y": 1.4,
		"length": 8,
		"width": 2
	},
	"trucks": {
		"front": 8, 
		"rear": -8
	},
	"couplers": {
		"front_offset": 0,
		"rear_offset": -2.1
	},
	"sounds": {
		"horn": "sounds/sound/horn.ogg",
		"idle": "sounds/sound/idle.ogg",
		"track_wheels": "sounds/sound/drive.ogg"
	}
}
