{
	"name": "NGT6DD Bellow",
	"works": "DWA Bautzen",
	"modeler": "CaptainSkipper",
	"model": "immersiverailroading:models/rolling_stock/passenger/ngtbellow/bellows.obj",
	"darken_model": "0",
	"properties": {
		"weight_kg": 100
	},
	"passenger": {
		"slots": 4,
		"center_x": 0,
		"center_y": 0.7,
		"length": 0.406,
		"width": 1.85
	},
	"trucks": {
		"front": 0.125,
		"rear": -0.125
	},
	"couplers": {
		"front_offset": -0.0625,
		"rear_offset": -0.25
	},
	"sounds": {
		"clack": "sounds/ngtclack.ogg",
		"wheels": "sounds/stille.ogg"
	}

}
