{
	"name": "NGT6DD Bridge",
	"works": "DWA Bautzen",
	"modeler": "CaptainSkipper",
	"model": "immersiverailroading:models/rolling_stock/passenger/ngtbridge/ngtbridge.obj",
	"darken_model": "0",
	"properties": {
		"weight_kg": 7000
	},
	"passenger": {
		"slots": 46,
		"center_x": 0,
		"center_y": 0.7,
		"length": 3.625,
		"width": 1.85
	},
	"trucks": {
		"front": 2.938,
		"rear": -2.938
	},
	"couplers": {
		"front_offset": -0.46875,
		"rear_offset": -0.40625
	},
	"sounds": {
		"clack": "sounds/ngtclack.ogg",
		"wheels": "sounds/stille.ogg"
	}

}
