{
	"name": "NGT6DD Center",
	"works": "DWA Bautzen",
	"modeler": "CaptainSkipper",
	"model": "immersiverailroading:models/rolling_stock/passenger/ngtcenter/ngtcenter.obj",
	"darken_model": "0",
	"properties": {
		"weight_kg": 7000
	},
	"passenger": {
		"slots": 36,
		"center_x": 0,
		"center_y": 0.7,
		"length": 4.375,
		"width": 1.85
	},
	"trucks": {
		"front": 0.844,
		"rear": -0.844
	},
	"couplers": {
		"front_offset": 0,
		"rear_offset": 0
	},
	"sounds": {
		"clack": "sounds/ngtclack.ogg",
		"wheels": "sounds/stille.ogg"
	}

}
