{
	"era": "diesel",
	"name": "Tram 2000 S�nfte Back",
	"works": "SWS, SWP, SIG",
	"modeler": "SebastianD334",
	"model": "immersiverailroading:models/rolling_stock/passenger/saenfteheck/saenfteheck.obj",
	"darken_model": "0",
	"properties": {
		"weight_kg": 10000
	},
	"passenger": {
		"slots": 70,
		"center_x": 0,
		"center_y": 1.0875,
		"length": 4.813,
		"width": 1.6
	},
	"trucks": {
		"front": 4.438, 
		"rear": -1.688
	},
	"couplers": {
		"front_offset": -0.438,
		"rear_offset": -0.1875
	},
	"sounds": {
	}
}

