{
	"era": "diesel",
	"name": "Tram 2000 S�nfte Middle",
	"works": "SWS, SWP, SIG",
	"modeler": "SebastianD334",
	"model": "immersiverailroading:models/rolling_stock/passenger/saenftemitte/saenftemitte.obj",
	"darken_model": "0",
	"properties": {
		"weight_kg": 10000
	},
	"passenger": {
		"slots": 70,
		"center_x": 0,
		"center_y": 0.75,
		"length": 2,
		"width": 1.6
	},
	"trucks": {
		"front": 3.688, 
		"rear": -3.75
	},
	"couplers": {
		"front_offset": -0.4375,
		"rear_offset": -0.4375
	},
	"sounds": {
	}
}

