{
	"era": "diesel",
	"name": "CP Schindler Second Class",
	"works": "Schindler",
	"modeler": "JoaoDaFonseca",
	"model": "immersiverailroading:models/rolling_stock/passenger/secondclass/secondclass.obj",
	"darken_model": "0",
	"properties": {
		"max_speed_kmh": 120,
		"weight_kg": 34000
	},
	"passenger": {
		"slots": 56,
		"center_x": 0,
		"center_y": 1.563,
		"length": 11.438,
		"width": 2.1
	},
	"trucks": {
		"front": 8.063,
		"rear": -7.75
	},
	"couplers": {
		"front_offset": 0,
		"rear_offset": 0
	}
}
