{
	"era": "diesel",
	"name": "RABe514 Toilet Car",
	"works": "Siemens",
	"modeler": "SebastianD334",
	"model": "immersiverailroading:models/rolling_stock/passenger/toiletcar/toiletcar.obj",
	"darken_model": "0",
	"properties": {
		"fuel_efficiency_%": 100,
		"max_speed_kmh": 140,
		"weight_kg": 56250
	},
	"passenger": {
		"slots": 101,
		"center_x": 0,
		"center_y": 0.626,
		"length": 7.438,
		"width": 2.1
	},
	"trucks": {
		"front": 9.813,
		"rear": -9.75
	},
	"couplers": {
		"front_offset": 0,
		"rear_offset": 0
	}
}
