{
	"era": "diesel",
	"name": "Amtrak ACS-64",
	"works": "Siemens Mobility",
	"modeler": "BOSSK160",
	"model": "immersiverailroading:models/rolling_stock/locomotives/acs/acs.obj",
	"darken_model": "0",
	"properties": {
		"fuel_efficiency_%": 100,
		"fuel_capacity_l": 2000,
		"horsepower": 6700,
		"tractive_effort_lbf": 63000,
		"max_speed_kmh": 201,
		"weight_kg": 97000
	},
	"passenger": {
		"slots": 2,
		"center_x": 0,
		"center_y": 1.688,
		"length": 8.031,
		"width": 2
	},
	"trucks": {
		"front": 5,
		"rear": -5
	},
	"couplers": {
		"front_offset": -0.062,
		"rear_offset": -0.062
	},
	"sounds": {
		"horn": "sounds/sound/horn.ogg",
		"idle": "sounds/sound/idle.ogg",
		"track_wheels": "sounds/sound/drive.ogg"
	}
}
