{
	"era": "diesel",
	"name": "ALCO S4",
	"works": "ALCO",
	"modeler": "BOSSK160",
	"model": "immersiverailroading:models/rolling_stock/locomotives/alco/alco.obj",
	"darken_model": "0",
	"properties": {
		"fuel_efficiency_%": 100,
		"fuel_capacity_l": 2400,
		"horsepower": 1000,
		"tractive_effort_lbf": 57500,
		"max_speed_kmh": 96,
		"weight_kg": 100000
	},
	"passenger": {
		"slots": 2,
		"center_x": 0,
		"center_y": 1.875,
		"length": 6.4,
		"width": 2.25
	},
	"trucks": {
		"front": 3.5,
		"rear": -4.563
	},
	"couplers": {
		"front_offset": -0.062,
		"rear_offset": -0.062
	}
}
