{
	"era": "diesel",
	"name": "Bnrbdzf 480.1",
	"works": "AW Neum�nster",
	"modeler": "Fail",
	"model": "immersiverailroading:models/rolling_stock/locomotives/bnrbdzf480/bnrbdzf480.obj",
	"darken_model": "0",
	"properties": {
		"fuel_efficiency_%": 1000,
		"fuel_capacity_l": 1000,
		"horsepower": 1000,
		"tractive_effort_lbf": 0,
		"max_speed_kmh": 120,
		"weight_kg": 35000
	},
	"passenger": {
		"slots": 64,
		"center_x": 0,
		"center_y": 1.625,
		"length": 12.063,
		"width": 2
	},
	"trucks": {
		"front": 9.844,
		"rear": -9.844
	},
	"couplers": {
		"front_offset": 0,
		"rear_offset": 0
	},
	"sounds": {
		"horn": "sounds/sound/horn.ogg",
		"idle": "sounds/stille.ogg"
	}

}
