{
	"era": "diesel",
	"name": "BR143",
	"works": "LEW Hennigsdorf",
	"modeler": "CaptainSkipper",
	"model": "immersiverailroading:models/rolling_stock/locomotives/br143/br143.obj",
	"darken_model": "0",
	"properties": {
		"fuel_efficiency_%": 95,
		"fuel_capacity_l": 4000,
		"horsepower": 4693,
		"tractive_effort_lbf": 53954,
		"max_speed_kmh": 120,
		"weight_kg": 82500
	},
	"passenger": {
		"slots": 2,
		"center_x": 0,
		"center_y": 1.75,
		"length": 6.78,
		"width": 2.1
	},
	"trucks": {
		"front": 4.219, 
		"rear": -4.156
	},
	"couplers": {
		"front_offset": 0,
		"rear_offset": 0
	},
	"sounds": {
		"horn": "sounds/sound/horn.ogg",
		"idle": "sounds/sound/idle.ogg",
		"wheels": "sounds/sound/drive.ogg"
	}
}
