{
	"era": "diesel",
	"name": "Bt DPZplus",
	"works": "SLM",
	"modeler": "SebastianD334",
	"model": "immersiverailroading:models/rolling_stock/locomotives/btdpzplus/btdpzplus.obj",
	"darken_model": "0",
	"properties": {
		"fuel_efficiency_%": 1000,
		"fuel_capacity_l": 1000,
		"horsepower": 1000,
		"tractive_effort_lbf": 0,
		"max_speed_kmh": 130,
		"weight_kg": 35000
	},
	"passenger": {
		"slots": 129,
		"center_x": 0,
		"center_y": 1.6625,
		"length": 11.844,
		"width": 2
	},
	"trucks": {
		"front": 10.156,
		"rear": -9.875
	},
	"couplers": {
		"front_offset": -0.0625,
		"rear_offset": -0.1875
	},
	"sounds": {
		"idle": "sounds/stille.ogg",
		"horn": "sounds/swisshorn.ogg"
	}

}
