{
	"era": "diesel",
	"name": "Buffer",
	"works": "If it's stupid but it works, it's not stupid",
	"model": "immersiverailroading:models/rolling_stock/hand_car/buffer/buffer.obj",
	"darken_model": "0",
	"properties": {
		"fuel_efficiency_%": 100,
		"fuel_capacity_l": 0,
		"weight_kg": 250000000,
		"horsepower": 250000000,
		"tractive_effort_lbf": 90000000,
		"max_speed_kmh": 0
	},
	"passenger": {
		"slots": 0,
		"center_x": 0,
		"center_y": 1.15,
		"length": 1.6,
		"width": 1.6
	},
	"trucks": {
		"front": 0.844, 
		"rear": -0.844
	},
	"couplers": {
		"front_offset": 0,
		"rear_offset": 0
	},
	"sounds": {
		"wheels": "sounds/bufferscreech.ogg"
	}
}