{
	"era": "diesel",
	"name": "CD 810",
	"works": "Vagonka Tatra, Studénka",
	"modeler": "CaptainSkipper",
	"model": "immersiverailroading:models/rolling_stock/locomotives/cd810_r/cd810_r.obj",
	"darken_model": "0",
	"properties": {
		"fuel_efficiency_%": 100,
		"fuel_capacity_l": 852,
		"horsepower": 210,
		"tractive_effort_lbf": 6519,
		"max_speed_kmh": 80,
		"weight_kg": 20000
	},
	"passenger": {
		"slots": 55,
		"center_x": 0,
		"center_y": 1.3,
		"length": 5.9,
		"width": 2
	},
	"trucks": {
		"front": 1, 
		"rear": -1
	},
	"couplers": {
		"front_offset": 0,
		"rear_offset": 0
	}
}
