{
	"era": "diesel",
	"name": "CP 1400",
	"works": "Vulcan Foundry",
	"modeler": "JoaoDaFonseca",
	"model": "immersiverailroading:models/rolling_stock/locomotives/cp1400/cp1400.obj",
	"darken_model": "0",
	"properties": {
		"fuel_efficiency_%": 100,
		"fuel_capacity_l": 2400,
		"horsepower": 1330,
		"tractive_effort_lbf": 31922,
		"max_speed_kmh": 105,
		"weight_kg": 90000
	},
	"passenger": {
		"slots": 2,
		"center_x": 0,
		"center_y": 3.062,
		"length": 6.125,
		"width": 2
	},
	"trucks": {
		"front": 3.719,
		"rear": -3.344
	},
	"couplers": {
		"front_offset": 0,
		"rear_offset": 0
	}
}
