{
	"era": "diesel",
	"name": "CP 1800",
	"works": "English Electric",
	"modeler": "JoaoDaFonseca",
	"model": "immersiverailroading:models/rolling_stock/locomotives/cp1800/cp1800.obj",
	"darken_model": "0",
	"properties": {
		"fuel_efficiency_%": 100,
		"fuel_capacity_l": 4500,
		"horsepower": 2620,
		"tractive_effort_lbf": 39903,
		"max_speed_kmh": 140,
		"weight_kg": 110000
	},
	"passenger": {
		"slots": 2,
		"center_x": 0,
		"center_y": 2.063,
		"length": 8.25,
		"width": 2.1
	},
	"trucks": {
		"front": 5.25,
		"rear": -5.25
	},
	"couplers": {
		"front_offset": 0,
		"rear_offset": 0
	}
}
