{
	"era": "diesel",
	"name": "CP 2600",
	"works": "Trafo Union",
	"modeler": "JoaoDaFonseca",
	"model": "immersiverailroading:models/rolling_stock/locomotives/cp2600/cp2600.obj",
	"darken_model": "0",
	"properties": {
		"fuel_efficiency_%": 100,
		"fuel_capacity_l": 4500,
		"horsepower": 5900,
		"tractive_effort_lbf": 43000,
		"max_speed_kmh": 160,
		"weight_kg": 82000
	},
	"passenger": {
		"slots": 2,
		"center_x": 0,
		"center_y": 1.9,
		"length": 7,
		"width": 2.1
	},
	"trucks": {
		"front": 5.03,
		"rear": -5.09
	},
	"couplers": {
		"front_offset": 0,
		"rear_offset": 0
	},
	"sounds": {
		"horn": "sounds/sound/horn.ogg",
		"idle": "sounds/sound/idle.ogg",
		"track_wheels": "sounds/sound/drive.ogg"
	}
}
