{
	"era": "diesel",
	"name": "CP 5600",
	"works": "Trafo Union",
	"modeler": "JoaoDaFonseca",
	"model": "immersiverailroading:models/rolling_stock/locomotives/cp5600/cp5600.obj",
	"darken_model": "0",
	"properties": {
		"fuel_efficiency_%": 100,
		"fuel_capacity_l": 4500,
		"horsepower": 7620,
		"tractive_effort_lbf": 67000,
		"max_speed_kmh": 220,
		"weight_kg": 110000
	},
	"passenger": {
		"slots": 2,
		"center_x": 0,
		"center_y": 1.687,
		"length": 8.75,
		"width": 2.1
	},
	"trucks": {
		"front": 5.281,
		"rear": -5.281
	},
	"couplers": {
		"front_offset": 0,
		"rear_offset": 0
	},
	"sounds": {
		"horn": "sounds/sound/horn.ogg",
		"idle": "sounds/sound/idle.ogg",
		"track_wheels": "sounds/sound/drive.ogg"
	}
}
