{
	"era": "diesel",
	"name": "Dabbuzfa 778",
	"works": "RAW Wittenberge",
	"modeler": "CaptainSkipper",
	"model": "immersiverailroading:models/rolling_stock/locomotives/dabbuzfa/dabbuzfa.obj",
	"darken_model": "0",
	"properties": {
		"fuel_efficiency_%": 1000,
		"fuel_capacity_l": 1000,
		"horsepower": 1000,
		"tractive_effort_lbf": 0,
		"max_speed_kmh": 120,
		"weight_kg": 45000
	},
	"passenger": {
		"slots": 64,
		"center_x": 0,
		"center_y": 1.3,
		"length": 11.5,
		"width": 2
	},
	"trucks": {
		"front": 8.656,
		"rear": -9.906
	},
	"couplers": {
		"front_offset": 0,
		"rear_offset": 0
	},
	"sounds": {
		"idle": "sounds/stille.ogg"
	}

}
