{
	"era": "diesel",
	"name": "Forchbahn Be 4/6",
	"works": "Stadler Rail Altenrhein",
	"modeler": "SebastianD334",
	"model": "immersiverailroading:models/rolling_stock/locomotives/forchbahnfront/forchbahnfront.obj",
	"darken_model": "0",
	"properties": {
		"fuel_efficiency_%": 100,
		"fuel_capacity_l": 1000,
		"horsepower": 587,
		"tractive_effort_lbf": 20232,
		"max_speed_kmh": 80,
		"weight_kg": 16600
	},
	"passenger": {
		"slots": 62,
		"center_x": 0,
		"center_y": 1.088,
		"length": 5.438,
		"width": 1.6
	},
	"trucks": {
		"front": 3.281, 
		"rear": -4.031
	},
	"couplers": {
		"front_offset": -0.125,
		"rear_offset": -0.4375
	},
	"sounds": {
		"horn": "sounds/ngtbell.ogg",
		"idle": "sounds/sfrontdrive.ogg"
	}
}

