{
	"era": "diesel",
	"name": "BR 1440 - Heck",
	"works": "DB Regio",
	"model": "immersiverailroading:models/rolling_stock/locomotives/heck/1440_heck.obj",
	"darken_model": "0",

	"properties": {
		"fuel_efficiency_%": 100,
		"fuel_capacity_l": 852,
		"horsepower": 7442,
		"tractive_effort_lbf": 67442,
		"max_speed_kmh": 160,
		"weight_kg": 87000
	},
	"passenger": {
		"slots": 4,
		"center_x": 0,
		"center_y": 1.5,
		"length": 9.9,
		"width": 2
	},
	"trucks": {
		"front": 8, 
		"rear": -8
	},
	"couplers": {
		"front_offset": -2.1,
		"rear_offset": 0
	},
	"sounds": {
		"horn": "sounds/sound/horn.ogg",
		"idle": "sounds/sound/idle.ogg",
		"track_wheels": "sounds/sound/drive.ogg"
	}
}
