{
	"era": "diesel",
	"name": "IC 2000 Bt",
	"works": "Schindler Waggon",
	"modeler": "SebastianD334",
	"model": "immersiverailroading:models/rolling_stock/locomotives/ic2000bt/ic2000bt.obj",
	"darken_model": "0",
	"properties": {
		"fuel_efficiency_%": 1000,
		"fuel_capacity_l": 1000,
		"horsepower": 1000,
		"tractive_effort_lbf": 0,
		"max_speed_kmh": 200,
		"weight_kg": 35000
	},
	"passenger": {
		"slots": 59,
		"center_x": -0.25,
		"center_y": 1.5,
		"length": 12,
		"width": 1.9
	},
	"trucks": {
		"front": 10.09375,
		"rear": -10.09375
	},
	"couplers": {
		"front_offset": 0.0,
		"rear_offset": -0.0
	},
	"sounds": {
		"horn": "sounds/swisshorn.ogg",
		"idle": "sounds/stille.ogg"
	}
}
