{
	"era": "diesel",
	"name": "IC Steuerwagen Bpmbdzf 296.1",
	"works": "AW Neum�nster",
	"modeler": "Fail & SebastianD334",
	"model": "immersiverailroading:models/rolling_stock/locomotives/icsteuerwagen/icsteuerwagen.obj",
	"darken_model": "0",
	"properties": {
		"fuel_efficiency_%": 1000,
		"fuel_capacity_l": 1000,
		"horsepower": 1000,
		"tractive_effort_lbf": 0,
		"max_speed_kmh": 120,
		"weight_kg": 35000
	},
	"passenger": {
		"slots": 64,
		"center_x": 0,
		"center_y": 1.85,
		"length": 12.375,
		"width": 2
	},
	"trucks": {
		"front": 10.781,
		"rear": -8.094
	},
	"couplers": {
		"front_offset": 0,
		"rear_offset": 0
	},
	"sounds": {
		"horn": "sounds/sound/horn.ogg",
		"idle": "sounds/stille.ogg"
	}

}
