{
	"era": "diesel",
	"name": "K�f II",
	"works": "BMAG",
	"modeler": "CaptainSkipper",
	"model": "immersiverailroading:models/rolling_stock/locomotives/kof/kof.obj",
	"darken_model": "0",
	"properties": {
		"fuel_efficiency_%": 500,
		"fuel_capacity_l": 200,
		"horsepower": 60,
		"tractive_effort_lbf": 10000,
		"max_speed_kmh": 30,
		"weight_kg": 15000
	},
	"passenger": {
		"slots": 2,
		"center_x": 0,
		"center_y": 0.8,
		"length": 0.1,
		"width": 2
	},
	"trucks": {
		"front": 3.45, 
		"rear": 1.3
	},
	"couplers": {
		"front_offset": 0,
		"rear_offset": 0
	},
	"sounds": {
		"horn": "sounds/kofhorn.ogg",
		"idle": "sounds/kofidle.ogg",
		"wheels": "sounds/kofdrive.ogg"

	}

}
