{
	"era": "diesel",
	"name": "NGT6DD Cab",
	"works": "DWA Bautzen",
	"modeler": "CaptainSkipper",
	"model": "immersiverailroading:models/rolling_stock/locomotives/ngtcab/ngtcab.obj",
	"darken_model": "0",
	"properties": {
		"fuel_efficiency_%": 100,
		"fuel_capacity_l": 1000,
		"horsepower": 250,
		"tractive_effort_lbf": 5000,
		"max_speed_kmh": 70,
		"weight_kg": 7000
	},
	"passenger": {
		"slots": 26,
		"center_x": 0,
		"center_y": 0.9,
		"length": 2.494,
		"width": 1.85
	},
	"trucks": {
		"front": 0.875, 
		"rear": -0.875
	},
	"couplers": {
		"front_offset": 0,
		"rear_offset": 0
	},
	"sounds": {
		"horn": "sounds/ngtbell.ogg",
		"idle": "sounds/ngtidle.ogg",
		"clack": "sounds/ngtclack.ogg",
		"wheels": "sounds/stille.ogg"
	}
}

