{
	"era": "diesel",
	"name": "Re 420 SBB",
	"works": "SLM",
	"modeler": "SebastianD334",
	"model": "immersiverailroading:models/rolling_stock/locomotives/re420sbb/re420sbb.obj",
	"darken_model": "0",
	"properties": {
		"fuel_efficiency_%": 95,
		"fuel_capacity_l": 4000,
		"horsepower": 6300,
		"tractive_effort_lbf": 57326,
		"max_speed_kmh": 140,
		"weight_kg": 84000
	},
	"passenger": {
		"slots": 2,
		"center_x": 0,
		"center_y": 1.6,
		"length": 6.4,
		"width": 2.1
	},
	"trucks": {
		"front": 3.938, 
		"rear": -3.938
	},
	"couplers": {
		"front_offset": 0,
		"rear_offset": 0
	},
	"sounds": {
		"horn": "sounds/swisshorn.ogg",
		"idle": "sounds/sound/idle.ogg",
		"track_wheels": "sounds/sound/drive.ogg"
	}
}
