{
	"era": "diesel",
	"name": "Re 460",
	"works": "SLM, ABB",
	"modeler": "SebastianD334",
	"model": "immersiverailroading:models/rolling_stock/locomotives/re460/re460.obj",
	"darken_model": "0",
	"properties": {
		"fuel_efficiency_%": 95,
		"fuel_capacity_l": 4000,
		"horsepower": 8180,
		"tractive_effort_lbf": 674427,
		"max_speed_kmh": 200,
		"weight_kg": 84000
	},
	"passenger": {
		"slots": 2,
		"center_x": 0,
		"center_y": 1.6,
		"length": 7.625,
		"width": 2.1
	},
	"trucks": {
		"front": 5.46875, 
		"rear": -5.46875
	},
	"couplers": {
		"front_offset": 0,
		"rear_offset": 0
	},
	"sounds": {
		"horn": "sounds/swisshorn.ogg",
		"idle": "sounds/sound/idle.ogg",
		"track_wheels": "sounds/sound/drive.ogg"
	}
}
