{
	"era": "diesel",
	"name": "SBB - Eem 923",
	"works": "Stadler Rail",
	"modeler": "CaptainSkipper",
	"model": "immersiverailroading:models/rolling_stock/locomotives/sbb_eem923_2/sbb_eem923_2.obj",
	"darken_model": "0",
	"properties": {
		"fuel_efficiency_%": 100,
		"fuel_capacity_l": 1000,
		"horsepower": 394,
		"tractive_effort_lbf": 33721,
		"max_speed_kmh": 120,
		"weight_kg": 40000
	},
	"passenger": {
		"slots": 2,
		"center_x": 0,
		"center_y": 2,
		"length": 0.4,
		"width": 2
	},
	"trucks": {
		"front": 2.15, 
		"rear": -2.15
	},
	"couplers": {
		"front_offset": 0,
		"rear_offset": 0
	},
	"sounds":{
		"horn": "sounds/swisshorn.ogg"
	}
}
