{
	"era": "diesel",
	"name": "SBB Ee 922",
	"works": "Stadler Rail",
	"modeler": "SebastianD334",
	"model": "immersiverailroading:models/rolling_stock/locomotives/sbb_ee922/sbb_ee922.obj",
	"darken_model": "0",
	"properties": {
		"fuel_efficiency_%": 100,
		"fuel_capacity_l": 1000,
		"horsepower": 815,
		"tractive_effort_lbf": 26977,
		"max_speed_kmh": 40,
		"weight_kg": 40000
	},
	"passenger": {
		"slots": 2,
		"center_x": 0,
		"center_y": 1.8,
		"length": 3.5,
		"width": 2
	},
	"trucks": {
		"front": 2.15, 
		"rear": -2.15
	},
	"couplers": {
		"front_offset": 0,
		"rear_offset": 0
	},
	"sounds": {
		"horn": "sounds/swisshorn.ogg",
		"idle": "sounds/sound/idle.ogg",
		"track_wheels": "sounds/sound/drive.ogg"
	}
}
