{
	"era": "diesel",
	"name": "RABe514 Second Class Railcar",
	"works": "Siemens",
	"modeler": "SebastianD334",
	"model": "immersiverailroading:models/rolling_stock/locomotives/secondclass/secondclass.obj",
	"darken_model": "0",
	"properties": {
		"fuel_efficiency_%": 100,
		"fuel_capacity_l": 4000,
		"horsepower": 2145,
		"tractive_effort_lbf": 26977,
		"max_speed_kmh": 140,
		"weight_kg": 56250
	},
	"passenger": {
		"slots": 101,
		"center_x": 0,
		"center_y": 1.563,
		"length": 11.563,
		"width": 2.1
	},
	"trucks": {
		"front": 9.25,
		"rear": -9.938
	},
	"couplers": {
		"front_offset": -0.25,
		"rear_offset": 0
	},
	"sounds": {
		"horn": "sounds/swisshorn.ogg",
		"idle": "sounds/sound/idle.ogg",
		"track_wheels": "sounds/sound/drive.ogg"
	}
}
