{
	"era": "diesel",
	"name": "Tram 2000 S�nfte Front",
	"works": "SWS, SWP, SIG",
	"modeler": "SebastianD334",
	"model": "immersiverailroading:models/rolling_stock/locomotives/sfront/sfront.obj",
	"darken_model": "0",
	"properties": {
		"fuel_efficiency_%": 100,
		"fuel_capacity_l": 1000,
		"horsepower": 426,
		"tractive_effort_lbf": 5000,
		"max_speed_kmh": 60,
		"weight_kg": 10000
	},
	"passenger": {
		"slots": 70,
		"center_x": 0,
		"center_y": 1.0875,
		"length": 4.938,
		"width": 1.6
	},
	"trucks": {
		"front": 1.875, 
		"rear": -4.25
	},
	"couplers": {
		"front_offset": -0.1875,
		"rear_offset": -0.438
	},
	"sounds": {
		"horn": "sounds/ngtbell.ogg",
		"idle": "sounds/sfrontdrive.ogg"
	}
}

