{
	"era": "diesel",
	"name": "Siemens Nexas",
	"works": "Siemens",
	"modeler": "CaptainSkipper",
	"model": "immersiverailroading:models/rolling_stock/locomotives/siemensnexasfront/siemensnexas.obj",
	"darken_model": "0",
	"properties": {
		"fuel_efficiency_%": 100,
		"fuel_capacity_l": 1000,
		"horsepower": 815,
		"tractive_effort_lbf": 26977,
		"max_speed_kmh": 115,
		"weight_kg": 41000
	},
	"passenger": {
		"slots": 72,
		"center_x": 0,
		"center_y": 1.814,
		"length": 11.563,
		"width": 2
	},
	"trucks": {
		"front": 9.05, 
		"rear": -8.05
	},
	"couplers": {
		"front_offset": -0.25,
		"rear_offset": -0.062
	},
	"sounds": {
		"horn": "sounds/sound/horn.ogg",
		"idle": "sounds/sound/idle.ogg",
		"track_wheels": "sounds/sound/drive.ogg"
	},
	"sounds": {
		"horn": "sounds/sound/horn.ogg",
		"idle": "sounds/sound/idle.ogg",
		"track_wheels": "sounds/sound/drive.ogg"
	}
}
