{
	"era": "diesel",
	"name": "Traktor 57",
	"works": "Pedershab Maskinfabrik",
	"modeler": "CaptainSkipper",
	"model": "immersiverailroading:models/rolling_stock/locomotives/traktor/traktor.obj",
	"darken_model": "0",
	"properties": {
		"fuel_efficiency_%": 400,
		"fuel_capacity_l": 300,
		"horsepower": 78,
		"tractive_effort_lbf": 7000,
		"max_speed_kmh": 50,
		"weight_kg": 6000
	},
	"passenger": {
		"slots": 3,
		"center_x": 0,
		"center_y": 1.15,
		"length": 0.15,
		"width": 2
	},
	"trucks": {
		"front": 1.907, 
		"rear": -0.03
	},
	"couplers": {
		"front_offset": 0,
		"rear_offset": 0
	},
	"sounds": {
		"horn": "sounds/kofhorn.ogg",
		"idle": "sounds/kofidle.ogg",
		"wheels": "sounds/kofdrive.ogg"

	}

}
