{
	"era": "diesel",
	"name": "V320",
	"works": "Henschel",
	"modeler": "CaptainSkipper",
	"model": "immersiverailroading:models/rolling_stock/locomotives/v320/v320.obj",
	"darken_model": "0",
	"properties": {
		"fuel_efficiency_%": 100,
		"fuel_capacity_l": 5000,
		"horsepower": 3200,
		"tractive_effort_lbf": 88125,
		"max_speed_kmh": 160,
		"weight_kg": 121000
	},
	"passenger": {
		"slots": 2,
		"center_x": 0,
		"center_y": 2.08,
		"length": 9.9,
		"width": 2.1
	},
	"trucks": {
		"front": 6.625,
		"rear": -6.625
	},
	"couplers": {
		"front_offset": 0,
		"rear_offset": 0
	},
	"sounds": {
		"horn": "sounds/sound/horn.ogg",
		"idle": "sounds/henschelidle.ogg",
		"wheels": "sounds/henscheldrive.ogg"
	}
}
